label,n,Not at all important,Slightly important,Moderately important,Very important,Extremely important,mean_score
Change traceability,7,0.0,28.57142857142857,14.285714285714285,28.57142857142857,28.57142857142857,3.5714285714285716
Assumption traceability,7,0.0,14.285714285714285,42.857142857142854,0.0,42.857142857142854,3.7142857142857144
Contradiction traceability,7,0.0,0.0,42.857142857142854,28.57142857142857,28.57142857142857,3.857142857142857
Backward traceability,7,0.0,14.285714285714285,28.57142857142857,14.285714285714285,42.857142857142854,3.857142857142857
Forward traceability,7,0.0,0.0,28.57142857142857,42.857142857142854,28.57142857142857,4.0
